{"RuleTriggered": 1, "Violations": 5, "Details": {"pin_memory": false, "num_workers": 0, "cores": 8, "dataloaders": 1, "dataloading_time": {"p25": 0.4682675, "p50": 0.481051, "p95": 0.52510285, "probs": [1, 0, 0, 0, 1, 0, 0, 1, 0, 0, 1, 0, 0, 0, 0, 0, 0, 0, 1, 1, 1, 1, 0, 0, 1, 1, 0, 0, 0, 1, 3, 1, 0, 1, 0, 0, 0, 2, 1, 0, 1, 2, 0, 1, 1, 0, 0, 1, 1, 0, 0, 0, 0, 0, 0, 0, 1, 0, 1, 2, 0, 0, 1, 3, 0, 1, 0, 0, 1, 0, 0, 0, 0, 0, 1, 0, 0, 0, 0, 0, 0, 0, 0, 0, 2, 0, 0, 0, 0, 0, 0, 0, 0, 0, 0, 0, 0, 0, 0, 1], "binedges": [0.438966, 0.43999065000000004, 0.4410153, 0.44203995, 0.44306460000000003, 0.44408925000000005, 0.4451139, 0.44613855, 0.44716320000000004, 0.44818785, 0.4492125, 0.45023715000000003, 0.45126180000000005, 0.45228645, 0.4533111, 0.45433575000000004, 0.4553604, 0.45638505, 0.45740970000000003, 0.45843435, 0.459459, 0.46048365, 0.46150830000000004, 0.46253295, 0.4635576, 0.46458225000000003, 0.46560690000000005, 0.46663155, 0.4676562, 0.46868085000000004, 0.4697055, 0.47073015, 0.47175480000000003, 0.47277945, 0.4738041, 0.47482875, 0.47585340000000004, 0.47687805, 0.4779027, 0.47892735000000003, 0.47995200000000005, 0.48097665, 0.4820013, 0.48302595000000004, 0.4840506, 0.48507525, 0.48609990000000003, 0.48712455, 0.4881492, 0.48917385, 0.4901985, 0.49122315, 0.4922478, 0.49327245000000003, 0.4942971, 0.49532175, 0.4963464, 0.49737105000000004, 0.4983957, 0.49942035, 0.500445, 0.50146965, 0.5024943, 0.50351895, 0.5045436, 0.50556825, 0.5065929, 0.50761755, 0.5086422, 0.50966685, 0.5106915, 0.51171615, 0.5127408, 0.51376545, 0.5147901, 0.51581475, 0.5168394000000001, 0.51786405, 0.5188887, 0.51991335, 0.520938, 0.52196265, 0.5229873, 0.52401195, 0.5250366, 0.52606125, 0.5270859, 0.52811055, 0.5291352, 0.53015985, 0.5311845, 0.53220915, 0.5332338, 0.53425845, 0.5352831, 0.53630775, 0.5373324, 0.53835705, 0.5393817, 0.54040635, 0.541431]}}, "Datapoints": 40, "RuleParameters": "min_threshold:70\nmax_threshold:200"}