{"RuleTriggered": 0, "Violations": 0, "Details": {"step_num": {"first": 1693830349920944, "last": 1693833119687176}, "job_start": 1693830251.501039, "job_end": 1693833119.502141}, "Datapoints": 1296, "RuleParameters": "threshold:20"}