{"RuleTriggered": 0, "Violations": 0, "Details": {"ratio": {"cpu_functions": 100.0}, "phase": {"Step:ModeKeys.TRAIN": 119.8443361075005, "others": -31.47949959237289, "Step:ModeKeys.EVAL": 11.635163484872397}, "phase_time": {}, "CPU": {"conv2d": 8.59501482069965, "convolution": 8.594237048033662, "_convolution": 8.593444246444895, "mkldnn_convolution": 8.586470826273311, "batch_norm": 3.962323978963152, "_batch_norm_impl_index": 3.9614018249906997, "native_batch_norm": 3.959900591076235, "NativeBatchNormBackward": 4.9414344593326005, "native_batch_norm_backward": 4.9370430080952366, "MkldnnConvolutionBackward": 14.62867489590846, "mkldnn_convolution_backward": 14.62593341309725, "mkldnn_convolution_backward_input": 7.545600697912494, "mkldnn_convolution_backward_weights": 7.068520189172347}, "CPU_total": {"conv2d": 82925248, "convolution": 82917744, "_convolution": 82910095, "mkldnn_convolution": 82842815, "batch_norm": 38228753, "_batch_norm_impl_index": 38219856, "native_batch_norm": 38205372, "NativeBatchNormBackward": 47675273, "native_batch_norm_backward": 47632904, "MkldnnConvolutionBackward": 141138383, "mkldnn_convolution_backward": 141111933, "mkldnn_convolution_backward_input": 72800434, "mkldnn_convolution_backward_weights": 68197531}, "general": {"DataLoaderIterInitialize": 0.00015629170763268156, "DataLoaderIter": 0.34357795786596906, "Forward": 99.6562657504264}}, "Datapoints": 0, "RuleParameters": ""}