{"RuleTriggered": 89, "Violations": 1177, "Details": {"step_details": {"algo-2-27": {"step_stats": {"mean": 4.718055372262773, "max": 31.569225, "p99": 30.170603619999994, "p95": 21.293781399999556, "p50": 3.2453585, "min": 1.155347}, "number_of_outliers": 14, "phase": "Step:ModeKeys.TRAIN", "stddev": 5.98, "probs": [2, 0, 0, 0, 0, 0, 0, 0, 0, 0, 0, 12, 81, 104, 43, 5, 4, 5, 1, 0, 0, 0, 0, 0, 0, 0, 0, 0, 0, 0, 0, 0, 0, 0, 0, 0, 0, 0, 0, 0, 0, 0, 0, 0, 0, 0, 0, 0, 0, 0, 0, 0, 0, 0, 0, 0, 0, 0, 0, 0, 0, 0, 0, 0, 2, 0, 0, 0, 0, 0, 0, 0, 0, 0, 0, 0, 0, 0, 0, 0, 0, 0, 0, 0, 0, 0, 0, 0, 0, 0, 0, 0, 0, 0, 0, 0, 0, 0, 0, 1], "binedges": [1.155347, 1.3113403199999998, 1.4673336399999999, 1.62332696, 1.7793202799999999, 1.9353135999999997, 2.09130692, 2.24730024, 2.40329356, 2.5592868799999997, 2.7152801999999996, 2.87127352, 3.02726684, 3.1832601599999997, 3.33925348, 3.4952468, 3.6512401199999998, 3.8072334399999996, 3.9632267599999995, 4.11922008, 4.2752134, 4.43120672, 4.58720004, 4.743193359999999, 4.89918668, 5.05518, 5.211173319999999, 5.36716664, 5.52315996, 5.6791532799999995, 5.8351466, 5.991139919999999, 6.14713324, 6.30312656, 6.459119879999999, 6.6151132, 6.771106519999999, 6.9270998399999995, 7.08309316, 7.239086479999999, 7.3950797999999995, 7.55107312, 7.707066439999999, 7.86305976, 8.019053079999999, 8.1750464, 8.33103972, 8.48703304, 8.64302636, 8.79901968, 8.955013, 9.11100632, 9.266999639999998, 9.422992959999998, 9.578986279999999, 9.734979599999999, 9.89097292, 10.04696624, 10.20295956, 10.35895288, 10.5149462, 10.670939520000001, 10.826932839999998, 10.982926159999998, 11.138919479999998, 11.294912799999999, 11.450906119999999, 11.60689944, 11.76289276, 11.91888608, 12.0748794, 12.23087272, 12.386866039999997, 12.542859359999998, 12.698852679999998, 12.854845999999998, 13.010839319999999, 13.166832639999999, 13.32282596, 13.47881928, 13.6348126, 13.79080592, 13.94679924, 14.102792559999997, 14.258785879999998, 14.414779199999998, 14.570772519999998, 14.726765839999999, 14.882759159999999, 15.03875248, 15.1947458, 15.35073912, 15.50673244, 15.66272576, 15.818719079999997, 15.974712399999998, 16.130705719999998, 16.28669904, 16.44269236, 16.59868568, 16.754679], "step_numbers": ["1", "2", "2", "3", "4", "4", "5", "5", "6", "7", "7", "8", "9", "9"]}, "algo-3-27": {"step_stats": {"mean": 4.5643972904411765, "max": 32.672257, "p99": 31.156751220000007, "p95": 14.257208449999935, "p50": 3.133526, "min": 1.288607}, "number_of_outliers": 13, "phase": "Step:ModeKeys.TRAIN", "stddev": 6.05, "probs": [2, 0, 0, 0, 0, 0, 0, 0, 0, 21, 79, 89, 45, 5, 7, 7, 0, 1, 0, 0, 0, 0, 0, 0, 0, 0, 0, 0, 0, 0, 0, 0, 0, 0, 0, 0, 0, 0, 0, 0, 0, 0, 0, 0, 0, 0, 0, 0, 0, 0, 0, 0, 0, 0, 0, 0, 0, 0, 0, 0, 0, 0, 0, 0, 2, 0, 0, 0, 0, 0, 0, 0, 0, 0, 0, 0, 0, 0, 0, 0, 0, 0, 0, 0, 0, 0, 0, 0, 0, 0, 0, 0, 0, 0, 0, 0, 0, 0, 0, 1], "binedges": [1.288607, 1.44938463, 1.61016226, 1.7709398900000002, 1.93171752, 2.09249515, 2.25327278, 2.4140504099999998, 2.57482804, 2.73560567, 2.8963833, 3.05716093, 3.2179385600000003, 3.3787161900000005, 3.5394938199999997, 3.70027145, 3.86104908, 4.02182671, 4.18260434, 4.34338197, 4.5041596, 4.6649372300000005, 4.82571486, 4.98649249, 5.14727012, 5.30804775, 5.46882538, 5.62960301, 5.7903806399999995, 5.95115827, 6.1119359, 6.27271353, 6.43349116, 6.59426879, 6.75504642, 6.91582405, 7.0766016800000004, 7.23737931, 7.39815694, 7.55893457, 7.7197122, 7.88048983, 8.04126746, 8.20204509, 8.36282272, 8.52360035, 8.68437798, 8.84515561, 9.005933240000001, 9.166710870000001, 9.327488500000001, 9.488266130000001, 9.649043760000001, 9.809821390000002, 9.970599020000002, 10.131376650000002, 10.29215428, 10.45293191, 10.61370954, 10.77448717, 10.9352648, 11.09604243, 11.25682006, 11.417597690000001, 11.578375320000001, 11.739152950000001, 11.899930580000001, 12.060708210000001, 12.221485840000001, 12.382263470000002, 12.543041100000002, 12.703818730000002, 12.864596360000002, 13.02537399, 13.18615162, 13.34692925, 13.50770688, 13.66848451, 13.82926214, 13.990039770000001, 14.150817400000001, 14.311595030000001, 14.472372660000001, 14.633150290000001, 14.793927920000002, 14.954705550000002, 15.115483180000002, 15.276260810000002, 15.43703844, 15.59781607, 15.7585937, 15.91937133, 16.08014896, 16.24092659, 16.40170422, 16.56248185, 16.72325948, 16.88403711, 17.04481474, 17.20559237, 17.36637], "step_numbers": ["1", "2", "2", "3", "4", "5", "5", "6", "7", "7", "8", "8", "9"]}, "algo-1-27": {"step_stats": {"mean": 4.576870521428572, "max": 33.163118, "p99": 31.692697, "p95": 12.20907495000007, "p50": 3.1102225, "min": 1.308494}, "number_of_outliers": 13, "phase": "Step:ModeKeys.TRAIN", "stddev": 6.1, "probs": [2, 0, 0, 0, 0, 0, 0, 0, 0, 22, 147, 65, 10, 6, 9, 2, 1, 0, 0, 0, 0, 0, 0, 0, 0, 0, 0, 0, 0, 0, 0, 0, 0, 0, 0, 0, 0, 0, 0, 0, 0, 0, 0, 0, 0, 0, 0, 0, 0, 0, 0, 0, 0, 0, 0, 0, 0, 0, 0, 0, 0, 0, 0, 2, 0, 0, 0, 0, 0, 0, 0, 0, 0, 0, 0, 0, 0, 0, 0, 0, 0, 0, 0, 0, 0, 0, 0, 0, 0, 0, 0, 0, 0, 0, 0, 0, 0, 0, 0, 1], "binedges": [1.308494, 1.47613513, 1.64377626, 1.8114173900000001, 1.9790585200000002, 2.1466996500000004, 2.31434078, 2.48198191, 2.6496230400000003, 2.8172641700000005, 2.9849053000000003, 3.15254643, 3.3201875600000004, 3.48782869, 3.6554698200000004, 3.8231109500000007, 3.9907520800000005, 4.15839321, 4.3260343400000005, 4.493675470000001, 4.661316600000001, 4.828957730000001, 4.996598860000001, 5.1642399900000004, 5.33188112, 5.49952225, 5.66716338, 5.834804510000001, 6.002445640000001, 6.170086770000001, 6.337727900000001, 6.505369030000001, 6.6730101600000005, 6.84065129, 7.00829242, 7.175933550000002, 7.3435746800000015, 7.511215810000001, 7.678856940000001, 7.846498070000001, 8.0141392, 8.18178033, 8.34942146, 8.517062590000002, 8.684703720000002, 8.852344850000001, 9.019985980000001, 9.187627110000001, 9.355268240000001, 9.52290937, 9.6905505, 9.85819163, 10.02583276, 10.193473890000002, 10.361115020000002, 10.528756150000001, 10.696397280000001, 10.864038410000001, 11.03167954, 11.19932067, 11.366961800000002, 11.534602930000002, 11.702244060000002, 11.869885190000002, 12.037526320000001, 12.205167450000001, 12.372808580000001, 12.54044971, 12.70809084, 12.875731970000002, 13.043373100000002, 13.211014230000002, 13.378655360000002, 13.546296490000001, 13.713937620000001, 13.881578750000001, 14.049219880000003, 14.216861010000002, 14.384502140000002, 14.552143270000002, 14.719784400000002, 14.887425530000002, 15.055066660000001, 15.222707790000001, 15.390348920000001, 15.557990050000003, 15.725631180000002, 15.893272310000002, 16.060913440000004, 16.228554570000004, 16.396195700000003, 16.563836830000003, 16.731477960000003, 16.899119090000003, 17.066760220000003, 17.234401350000002, 17.402042480000002, 17.569683610000002, 17.737324740000002, 17.90496587, 18.072607], "step_numbers": ["1", "2", "2", "3", "3", "4", "5", "5", "6", "7", "8", "8", "9"]}, "algo-4-27": {"step_stats": {"mean": 4.760541699633699, "max": 33.222591, "p99": 31.724208, "p95": 14.292368799999872, "p50": 3.304316, "min": 1.329026}, "number_of_outliers": 13, "phase": "Step:ModeKeys.TRAIN", "stddev": 6.15, "probs": [1, 1, 0, 0, 0, 0, 0, 0, 0, 8, 46, 70, 98, 13, 6, 3, 10, 0, 1, 0, 0, 0, 0, 0, 0, 0, 0, 0, 0, 0, 0, 0, 0, 0, 0, 0, 0, 0, 0, 0, 0, 0, 0, 0, 0, 0, 0, 0, 0, 0, 0, 0, 0, 0, 0, 0, 0, 0, 0, 0, 0, 0, 0, 0, 0, 2, 0, 0, 0, 0, 0, 0, 0, 0, 0, 0, 0, 0, 0, 0, 0, 0, 0, 0, 0, 0, 0, 0, 0, 0, 0, 0, 0, 0, 0, 0, 0, 0, 0, 1],