{"RuleTriggered": 0, "Violations": 0, "Details": {"step_num": {"first": 1693485596907551, "last": 1693488896213340}, "job_start": 1693485513.500712, "job_end": 1693488899.500978}, "Datapoints": 382, "RuleParameters": "threshold:20"}