{"RuleTriggered": 0, "Violations": 0, "Details": {"ratio": {"cpu_functions": 100.0}, "phase": {"Step:ModeKeys.TRAIN": 60.979564254749484, "others": 34.353157559973276, "Step:ModeKeys.EVAL": 4.6672781852772465}, "phase_time": {}, "CPU": {"conv2d": 8.642285337984845, "convolution": 8.641461210512173, "_convolution": 8.640571499321705, "mkldnn_convolution": 8.625097454207953, "batch_norm": 3.925678419116279, "_batch_norm_impl_index": 3.9246142304879044, "native_batch_norm": 3.9231165293601413, "NativeBatchNormBackward": 4.904655649121797, "native_batch_norm_backward": 4.900155946119107, "MkldnnConvolutionBackward": 14.638192179786765, "mkldnn_convolution_backward": 14.635421164590865, "mkldnn_convolution_backward_input": 7.5554418661120115, "mkldnn_convolution_backward_weights": 7.043308513278454}, "CPU_total": {"conv2d": 20952203, "convolution": 20950205, "_convolution": 20948048, "mkldnn_convolution": 20910533, "batch_norm": 9517345, "_batch_norm_impl_index": 9514765, "native_batch_norm": 9511134, "NativeBatchNormBackward": 11890760, "native_batch_norm_backward": 11879851, "MkldnnConvolutionBackward": 35488573, "mkldnn_convolution_backward": 35481855, "mkldnn_convolution_backward_input": 18317279, "mkldnn_convolution_backward_weights": 17075672}, "general": {"DataLoaderIterInitialize": 0.00015641002250080542, "DataLoaderIter": 0.4950531261735799, "Forward": 99.50479046380391}}, "Datapoints": 0, "RuleParameters": ""}