{"RuleTriggered": 29, "Violations": 403, "Details": {"step_details": {"algo-1-27": {"step_stats": {"mean": 4.464258562874251, "max": 33.343524, "p99": 31.66596248, "p95": 6.689306949999716, "p50": 3.2167635, "min": 1.00471}, "number_of_outliers": 14, "phase": "Step:ModeKeys.TRAIN", "stddev": 5.74, "probs": [3, 0, 0, 0, 0, 0, 0, 0, 0, 0, 0, 5, 65, 149, 83, 6, 4, 2, 0, 0, 0, 0, 0, 0, 0, 0, 0, 0, 0, 0, 0, 0, 0, 0, 0, 0, 0, 0, 0, 0, 0, 0, 0, 0, 0, 0, 0, 0, 0, 0, 0, 0, 0, 0, 0, 0, 0, 0, 0, 0, 0, 0, 0, 0, 0, 0, 0, 0, 2, 0, 0, 0, 0, 0, 0, 0, 0, 0, 0, 0, 0, 0, 0, 0, 0, 0, 0, 0, 0, 0, 0, 0, 0, 0, 0, 0, 0, 0, 0, 1], "binedges": [1.00471, 1.16643273, 1.32815546, 1.48987819, 1.65160092, 1.81332365, 1.97504638, 2.1367691100000004, 2.29849184, 2.4602145699999998, 2.6219373, 2.78366003, 2.94538276, 3.1071054900000004, 3.2688282200000005, 3.4305509499999998, 3.59227368, 3.75399641, 3.91571914, 4.07744187, 4.2391646000000005, 4.40088733, 4.56261006, 4.72433279, 4.88605552, 5.04777825, 5.2095009800000005, 5.371223710000001, 5.532946440000001, 5.69466917, 5.8563919, 6.01811463, 6.1798373600000005, 6.341560090000001, 6.503282820000001, 6.665005550000001, 6.82672828, 6.98845101, 7.1501737400000005, 7.311896470000001, 7.473619200000001, 7.635341930000001, 7.79706466, 7.95878739, 8.12051012, 8.28223285, 8.44395558, 8.60567831, 8.76740104, 8.92912377, 9.0908465, 9.25256923, 9.41429196, 9.57601469, 9.73773742, 9.89946015, 10.06118288, 10.22290561, 10.384628339999999, 10.54635107, 10.7080738, 10.86979653, 11.03151926, 11.19324199, 11.35496472, 11.51668745, 11.67841018, 11.84013291, 12.00185564, 12.16357837, 12.3253011, 12.48702383, 12.64874656, 12.81046929, 12.97219202, 13.13391475, 13.29563748, 13.45736021, 13.61908294, 13.78080567, 13.9425284, 14.10425113, 14.26597386, 14.42769659, 14.58941932, 14.75114205, 14.91286478, 15.07458751, 15.23631024, 15.398032970000001, 15.5597557, 15.72147843, 15.88320116, 16.04492389, 16.20664662, 16.368369350000002, 16.53009208, 16.69181481, 16.85353754, 17.01526027, 17.176983], "step_numbers": ["1", "2", "2", "3", "3", "4", "5", "5", "6", "6", "7", "8", "8", "9"]}}}, "Datapoints": 382, "RuleParameters": "threshold:3\nmode:None\nn_outliers:10\nstddev:3"}