{"RuleTriggered": 0, "Violations": 0, "Details": {"pin_memory": false, "num_workers": 0, "cores": 8, "dataloaders": 1, "dataloading_time": {"p25": 0.7452635, "p50": 0.8305075, "p95": 0.9072215, "probs": [1, 0, 0, 0, 0, 0, 0, 0, 0, 0, 1, 0, 0, 0, 0, 0, 0, 0, 0, 0, 0, 0, 0, 0, 0, 0, 0, 0, 0, 0, 0, 0, 0, 0, 0, 0, 0, 1, 0, 0, 0, 0, 0, 0, 0, 1, 0, 0, 0, 0, 0, 0, 0, 0, 0, 0, 0, 0, 0, 0, 0, 0, 0, 0, 1, 0, 0, 0, 1, 0, 0, 0, 0, 0, 1, 0, 1, 0, 0, 0, 1, 0, 0, 0, 0, 0, 0, 0, 0, 0, 0, 0, 0, 0, 0, 0, 0, 0, 0, 1], "binedges": [0.622894, 0.6260057899999999, 0.62911758, 0.6322293699999999, 0.63534116, 0.6384529499999999, 0.64156474, 0.6446765299999999, 0.64778832, 0.6509001099999999, 0.6540119, 0.6571236899999999, 0.66023548, 0.6633472699999999, 0.66645906, 0.6695708499999999, 0.67268264, 0.67579443, 0.67890622, 0.68201801, 0.6851298, 0.68824159, 0.69135338, 0.69446517, 0.6975769599999999, 0.70068875, 0.70380054, 0.70691233, 0.7100241199999999, 0.71313591, 0.7162476999999999, 0.71935949, 0.7224712799999999, 0.72558307, 0.7286948599999999, 0.73180665, 0.73491844, 0.73803023, 0.74114202, 0.74425381, 0.7473656, 0.75047739, 0.75358918, 0.75670097, 0.75981276, 0.7629245499999999, 0.76603634, 0.76914813, 0.77225992, 0.7753717099999999, 0.7784835, 0.78159529, 0.78470708, 0.78781887, 0.79093066, 0.7940424500000001, 0.79715424, 0.80026603, 0.80337782, 0.80648961, 0.8096014, 0.81271319, 0.81582498, 0.81893677, 0.82204856, 0.82516035, 0.82827214, 0.83138393, 0.83449572, 0.83760751, 0.8407193000000001, 0.84383109, 0.8469428800000001, 0.85005467, 0.85316646, 0.85627825, 0.8593900400000001, 0.86250183, 0.86561362, 0.86872541, 0.8718372000000001, 0.87494899, 0.87806078, 0.88117257, 0.8842843600000001, 0.88739615, 0.89050794, 0.8936197300000001, 0.8967315200000001, 0.8998433100000001, 0.9029551, 0.90606689, 0.90917868, 0.9122904700000001, 0.91540226, 0.91851405, 0.92162584, 0.9247376300000001, 0.92784942, 0.93096121, 0.934073]}}, "Datapoints": 10, "RuleParameters": "min_threshold:70\nmax_threshold:200"}